{"_runtime":825,"total_loss":0.43401457369327545,"recon_loss":0.40552858263254166,"kl_loss":28.485986709594727,"_timestamp":1.7630916044709992e+09,"_step":1499,"_wandb":{"runtime":825}}