{"_wandb":{"runtime":1097},"recon_loss":0.40752793848514557,"kl_loss":28.631274223327637,"_timestamp":1.7630932364379888e+09,"_step":1999,"total_loss":0.4361592307686806,"_runtime":1097}